자치구명,법정동명,건물면적(㎡),물건금액(만원)
강남구,일원동,381.84,330000
강남구,수서동,129.45,218000
강남구,개포동,132.817,450000
강남구,압구정동,161.18,635000
강남구,자곡동,101.95,199000
강남구,대치동,119.58,400000
강남구,개포동,112.991,430000
강남구,삼성동,134.81,368000
강남구,압구정동,108.88,505000
강남구,논현동,106.829,196000
강남구,도곡동,122.81,330000
강남구,자곡동,101.18,170000
강남구,대치동,120.76,330000
강남구,대치동,126.33,389000
강남구,삼성동,207.82,458000
강남구,도곡동,119.89,357000
강남구,논현동,114.498,168000
강남구,개포동,96.93,323000
강남구,자곡동,101.51,180000
강남구,도곡동,141.648,352000
강남구,청담동,107.22,230000
강남구,대치동,151.31,525000
강남구,역삼동,669.45,455000
강남구,개포동,96.955,377000
강남구,대치동,110.39,300000
강남구,일원동,326.52,400000
강남구,압구정동,108.15,427000
강남구,대치동,128.01,400000
강남구,대치동,93.4,380000
강남구,청담동,89.115,366000
강남구,논현동,451.9,510000
강남구,청담동,114.97,230000
강남구,도곡동,244.66,790000
강남구,대치동,127.75,435000
강남구,대치동,128.03,330000
강남구,개포동,123.28,322000
강남구,도곡동,93.07,315000
강남구,신사동,120.35,220000
강남구,신사동,113.31,214000
강남구,역삼동,125.413,430000
강남구,도곡동,121.42,380000
강남구,압구정동,100.5,370000
강남구,대치동,126.33,385000
강남구,자곡동,101.95,213000
강남구,도곡동,187.148,420000
강남구,도곡동,119.89,355000
강남구,대치동,105.6,190000
강남구,일원동,134.71,299000
강남구,청담동,165.27,370000
강남구,압구정동,157.36,668000
강남구,삼성동,160.53,291827
강남구,역삼동,466.01,418000
강남구,압구정동,140.9,450000
강남구,도곡동,163.05,270000
강남구,역삼동,131.32,140000
강남구,압구정동,163.67,610000
강남구,역삼동,92.623,280000
강남구,도곡동,244.66,700000
강남구,도곡동,88.39,245000
강남구,대치동,136.68,450000
강남구,청담동,109.53,370000
강남구,압구정동,105.62,380000
강남구,역삼동,249.54,380000
강남구,논현동,113.087,280000
강남구,자곡동,101.51,175000
강남구,압구정동,105.65,375000
강남구,역삼동,120.37,320000
강남구,도곡동,152.74,335000
강남구,대치동,94.49,410000
강남구,논현동,150.04,310000
강남구,삼성동,164.72,390000
강남구,대치동,94.49,405000
강남구,청담동,105.47,69700
강남구,개포동,104.43,251700
강남구,대치동,139.54,320000
강남구,역삼동,644.12,540000
강남구,압구정동,163.67,600000
강남구,압구정동,160.28,718000
강남구,압구정동,170.38,670000
강남구,역삼동,129.96,330000
강남구,역삼동,129.8,327000
강남구,개포동,182.2,359000
강남구,대치동,120.76,323000
강남구,자곡동,101.95,207500
강남구,청담동,343.87,590000
강남구,신사동,138.42,199000
강남구,삼성동,101.98,420000
강남구,압구정동,163.67,609000
강남구,개포동,99.919,317000
강남구,청담동,114.83,243000
강남구,도곡동,122.81,320000
강남구,대치동,148.8,350000
강남구,압구정동,196.84,830000
강남구,논현동,106.829,128000
강남구,압구정동,118.63,420000
강남구,개포동,165.08,380000
강남구,도곡동,122.81,290000
강남구,도곡동,164.97,425000
강남구,청담동,195.43,740000
강남구,도곡동,128.33,147000
강남구,도곡동,134.902,414000
강남구,대치동,85.0,228000
강남구,삼성동,195.388,779000
강남구,논현동,215.4,170000
강남구,역삼동,92.623,280000
강남구,압구정동,101.09,380000
강남구,압구정동,102.35,350000
강남구,압구정동,117.9,610000
강남구,신사동,194.15,475000
강남구,대치동,97.35,299500
강남구,압구정동,101.09,385000
강남구,삼성동,89.56,136500
강남구,대치동,145.83,474000
강남구,대치동,114.14,507000
강남구,일원동,101.99,296000
강남구,수서동,129.45,211000
강남구,대치동,163.92,465000
강남구,대치동,148.8,380000
강남구,청담동,159.08,341000
강남구,개포동,131.322,595000
강남구,도곡동,134.902,415000
강남구,도곡동,122.81,295000
강남구,대치동,148.8,375000
강남구,대치동,121.74,440000
강남구,압구정동,208.65,710000
강남구,도곡동,92.8,240000
강남구,대치동,97.35,305000
강남구,청담동,192.37,830000
강남구,압구정동,144.2,590000
강남구,개포동,131.83,318000
강남구,도곡동,107.53,239000
강남구,일원동,103.95,390000
강남구,청담동,202.48,503850
강남구,역삼동,116.285,320000
강남구,도곡동,114.993,320000
강남구,대치동,126.33,385000
강남구,세곡동,108.343,262500
강남구,압구정동,116.94,430000
강남구,도곡동,93.07,330000
강남구,도곡동,89.88,264000
강남구,도곡동,126.46,360000
강남구,일원동,381.84,330000
강남구,대치동,97.35,300000
강남구,도곡동,176.72,460000
강남구,삼성동,91.77,230000
강남구,대치동,126.33,368000
강남구,역삼동,532.86,520000
강남구,삼성동,121.931,348500
강남구,도곡동,126.46,367000
강남구,도곡동,137.24,408000
강남구,도곡동,124.641,314000
강남구,신사동,133.5,167000
강남구,율현동,408.74,380000
강남구,일원동,121.71,360000
강남구,일원동,107.6,230000
강남구,청담동,171.1,500000
강남구,압구정동,161.18,650000
강남구,대치동,148.8,361700
강남구,도곡동,115.63,324000
강남구,도곡동,90.75,106000
강남구,압구정동,101.09,390000
강남구,도곡동,125.733,264000
강남구,도곡동,120.823,360000
강남구,일원동,107.6,220000
강남구,개포동,104.43,248000
강남구,개포동,99.991,370000
강남구,역삼동,136.28,352000
강남구,역삼동,114.595,320000
강남구,자곡동,91.96,185000
강남구,청담동,158.15,219500
강남구,역삼동,114.595,320000
강남구,논현동,151.13,160000
강남구,압구정동,170.38,670000
강남구,대치동,159.6,535000
강남구,압구정동,163.67,580000
강남구,역삼동,149.7,250000
강남구,청담동,114.83,238000
강남구,대치동,115.05,370000
강남구,압구정동,108.15,430000
강남구,대치동,128.01,390000
강남구,역삼동,114.595,330000
강남구,압구정동,163.67,555000
강남구,역삼동,230.075,530000
강남구,대치동,85.0,247000
강남구,대치동,114.59,277000
강남구,압구정동,170.38,670000
강남구,개포동,136.996,560000
강남구,도곡동,119.89,355000
강남구,도곡동,119.89,355000
강남구,도곡동,141.381,400000
강남구,수서동,146.713,340000
강남구,논현동,240.03,560000
강남구,역삼동,116.285,315000
강남구,일원동,121.71,348500
강남구,도곡동,124.11,315000
강남구,개포동,112.991,440000
강남구,도곡동,163.05,265000
강남구,개포동,102.32,327000
강남구,도곡동,164.97,515000
강남구,압구정동,108.15,460000
강남구,압구정동,157.36,670000
강남구,청담동,95.38,230000
강남구,도곡동,134.902,473000
강남구,신사동,658.08,1350000
강남구,대치동,136.68,415000
강남구,대치동,97.35,289000
강남구,대치동,114.97,374000
강남구,삼성동,156.857,610000
강남구,대치동,120.76,317000
강남구,역삼동,116.285,305000
강남구,도곡동,104.01,189500
강남구,개포동,177.19,340000
강남구,압구정동,183.41,765000
강남구,대치동,160.76,450000
강남구,대치동,161.47,553000
강남구,대치동,127.75,422000
강남구,개포동,96.955,385000
강남구,개포동,182.2,379000
강남구,대치동,161.36,450000
강남구,대치동,128.01,380000
강남구,삼성동,152.98,365000
강남구,청담동,107.22,214000
강남구,압구정동,196.7,748000
강남구,개포동,161.0,349000
강남구,논현동,171.2,182000
강남구,청담동,109.31,257500
강남구,대치동,120.76,317000
강남구,역삼동,95.3,85000
강남구,수서동,163.68,250000
강남구,역삼동,116.285,324000
강남구,역삼동,116.285,324000
강남구,압구정동,109.24,467000
강남구,청담동,117.19,195000
강남구,대치동,120.76,324000
강남구,삼성동,152.98,367000
강남구,수서동,101.88,197000
강남구,삼성동,122.485,299000
강남구,삼성동,85.0,186000
강남구,압구정동,144.7,580000
강남구,대치동,97.35,278000
강남구,대치동,97.35,279700
강남구,개포동,182.2,350000
강남구,도곡동,122.81,320000
강남구,청담동,107.22,220000
강남구,청담동,90.197,348000
강남구,압구정동,183.41,760000
강남구,삼성동,85.0,186000
강남구,청담동,226.74,740500
강남구,압구정동,160.51,650000
강남구,개포동,96.955,375000
강남구,도곡동,108.4,230000
강남구,압구정동,91.21,385000
강남구,도곡동,244.224,680000
강남구,청담동,107.22,215000
강남구,대치동,127.75,413000
강남구,도곡동,164.97,437000
강남구,청담동,653.87,1300000
강남구,삼성동,105.5,269000
강남구,도곡동,152.74,400000
강남구,압구정동,151.93,655000
강남구,압구정동,196.21,900000
강남구,대치동,115.59,297000
강남구,대치동,114.59,276500
강남구,도곡동,185.622,550000
강남구,대치동,115.59,315000
강남구,개포동,131.83,310000
강남구,압구정동,163.67,560000
강남구,도곡동,130.17,315000
강남구,압구정동,144.7,595000
강남구,대치동,115.59,295000
강남구,개포동,165.08,370000
강남구,압구정동,163.67,570000
강남구,역삼동,132.88,207000
강남구,청담동,100.93,191000
강남구,개포동,104.43,245000
강남구,개포동,133.46,300000
강남구,압구정동,183.41,745000
강남구,압구정동,102.35,350000
강남구,압구정동,160.29,660000
강남구,논현동,111.36,141000
강남구,압구정동,163.67,529000
강남구,대치동,149.78,430000
강남구,자곡동,91.96,200000
강남구,대치동,189.98,560000
강남구,대치동,121.089,310000
강남구,압구정동,140.9,405000
강남구,압구정동,107.64,400000
강남구,압구정동,111.5,389000
강남구,압구정동,105.45,450000
강남구,도곡동,163.702,400000
강남구,압구정동,106.22,370000
강남구,압구정동,131.48,495000
강남구,개포동,131.83,313000
강남구,도곡동,107.53,225000
강남구,도곡동,112.13,246000
강남구,역삼동,216.97,420000
강남구,도곡동,176.72,477000
강남구,자곡동,91.95,178000
강남구,역삼동,142.06,336000
강남구,세곡동,113.261,281000
강남구,압구정동,171.43,640000
강남구,압구정동,140.9,445000
강남구,압구정동,170.38,610000
강남구,도곡동,104.01,185000
강남구,도곡동,153.71,247000
강남구,도곡동,119.89,362000
강남구,대치동,145.83,490000
강남구,자곡동,101.95,194500
강남구,압구정동,152.28,640000
강남구,도곡동,243.36,550000
강남구,논현동,135.54,175000
강남구,도곡동,164.97,517000
강남구,대치동,190.47,525000
강남구,수서동,129.45,198500
강남구,압구정동,144.2,525000
강남구,삼성동,85.0,177000
강남구,압구정동,105.62,333000
강남구,도곡동,209.03,385000
강남구,수서동,97.63,182000
강남구,세곡동,114.69,159000
강남구,일원동,101.97,221000
강남구,압구정동,115.23,417000
강남구,역삼동,92.623,272000
강남구,일원동,134.71,280000
강남구,압구정동,157.36,640000
강남구,압구정동,107.64,400000
강남구,역삼동,638.56,680000
강남구,도곡동,146.754,250000
강남구,대치동,85.0,247000
강남구,도곡동,111.38,169000
강남구,자곡동,101.94,210000
강남구,대치동,94.49,383000
강남구,일원동,101.97,223000
강남구,도곡동,100.14,185000
강남구,도곡동,124.1,255000
강남구,압구정동,140.9,435000
강남구,개포동,131.322,588000
강남구,도곡동,106.39,349000
강남구,압구정동,144.7,565000
강남구,압구정동,154.12,530000
강남구,압구정동,106.71,390000
강남구,논현동,126.223,505000
강남구,도곡동,122.81,295000
강남구,논현동,539.78,950000
강남구,청담동,483.84,800000
강남구,논현동,111.6,132000
강남구,청담동,196.53,330000
강남구,압구정동,106.48,335000
강남구,압구정동,118.63,399000
강남구,자곡동,101.95,199000
강남구,청담동,196.53,330000
강남구,도곡동,164.74,264000
강남구,일원동,99.79,241500
강남구,자곡동,101.95,199000
강남구,청담동,109.53,355000
강남구,도곡동,173.48,309000
강남구,논현동,114.498,215000
강남구,자곡동,101.18,186000
강남구,자곡동,91.96,193500
강남구,도곡동,124.1,250000
강남구,신사동,312.71,495000
강남구,대치동,94.51,390000
강남구,개포동,148.266,550000
강남구,도곡동,122.81,300000
강남구,자곡동,101.94,187000
강남구,역삼동,147.955,368000
강남구,개포동,133.46,295000
강남구,도곡동,114.993,395000
강남구,도곡동,134.902,429000
강남구,자곡동,91.95,175000
강남구,역삼동,86.76,73000
강남구,삼성동,104.31,230000
강남구,삼성동,170.01,360000
강남구,압구정동,144.7,555000
강남구,대치동,111.54,206000
강남구,압구정동,153.59,520000
강남구,압구정동,91.21,390000
강남구,역삼동,648.1,670000
강남구,청담동,95.38,210000
강남구,대치동,94.49,390000
강남구,세곡동,108.343,210000
강남구,도곡동,164.87,330000
강남구,개포동,104.43,245000
강남구,개포동,133.46,298000
강남구,압구정동,171.43,640000
강남구,대치동,127.75,395000
강남구,도곡동,124.1,251000
강남구,대치동,127.75,367500
강남구,대치동,94.49,380000
강남구,삼성동,121.931,312000
강남구,청담동,203.47,369000
강남구,도곡동,164.99,455000
강남구,도곡동,179.39,250000
강남구,일원동,99.79,240000
강남구,압구정동,107.64,408000
강남구,도곡동,124.66,245000
강남구,삼성동,487.55,875000
강남구,대치동,594.93,960000
강남구,도곡동,120.823,335000
강남구,개포동,133.46,277000
강남구,도곡동,134.902,428000
강남구,대치동,203.39,320000
강남구,청담동,113.57,226000
강남구,청담동,194.13,600000
강남구,대치동,145.83,495000
강남구,개포동,96.93,320000
강남구,압구정동,171.43,680000
강남구,청담동,134.24,275000
강남구,대치동,151.27,500000
강남구,역삼동,114.65,294000
강남구,역삼동,142.06,346000
강남구,대치동,127.61,397500
강남구,수서동,129.45,209000
강남구,도곡동,104.01,188000
강남구,대치동,121.089,310000
강남구,개포동,99.979,347000
강남구,대치동,93.4,344000
강남구,역삼동,158.58,343000
강남구,압구정동,152.28,600000
강남구,삼성동,369.48,475000
강남구,논현동,114.34,202000
강남구,도곡동,164.97,437000
강남구,도곡동,137.24,360000
강남구,압구정동,144.2,535000
강남구,삼성동,121.931,310500
강남구,압구정동,196.21,900000
강남구,대치동,161.47,545000
강남구,일원동,101.97,221000
강남구,일원동,101.97,221000
강남구,개포동,96.955,364000
강남구,개포동,156.939,610000
강남구,자곡동,101.95,201500
강남구,개포동,161.0,337500
강남구,대치동,114.97,376000
강남구,대치동,145.83,482000
강남구,역삼동,114.65,302000
강남구,개포동,96.93,324000
강남구,삼성동,152.98,370000
강남구,압구정동,108.15,419000
강남구,압구정동,144.2,548000
강남구,압구정동,106.71,215000
강남구,압구정동,196.7,681000
강남구,도곡동,146.754,218000
강남구,대치동,190.47,519000
강남구,일원동,134.71,260000
강남구,자곡동,91.95,174000
강남구,도곡동,107.53,210000
강남구,도곡동,115.63,314000
강남구,대치동,127.75,382500
강남구,역삼동,114.65,275000
강남구,청담동,114.83,229000
강남구,도곡동,126.46,347500
강남구,개포동,136.06,420000
강남구,도곡동,114.993,377000
강남구,일원동,134.71,267000
강남구,도곡동,112.86,215000
강남구,도곡동,160.56,440000
강남구,도곡동,114.993,365000
강남구,역삼동,102.79,102000
강남구,대치동,114.14,492000
강남구,압구정동,108.88,440000
강남구,일원동,99.79,227000
강남구,압구정동,100.5,327000
강남구,대치동,97.35,273000
강남구,청담동,90.197,325000
강남구,도곡동,184.31,245500
강남구,대치동,115.05,334000
강남구,대치동,97.35,270000
강남구,논현동,494.77,620000
강남구,도곡동,177.255,305000
강남구,개포동,104.43,236000
강남구,대치동,115.59,277000
강남구,개포동,94.84,390000
강남구,대치동,161.36,448000
강남구,개포동,134.3,273000
강남구,대치동,115.05,349250
강남구,대치동,115.59,277000
강남구,삼성동,122.485,307000
강남구,수서동,101.88,208000
강남구,도곡동,119.89,365000
강남구,대치동,128.01,362000
강남구,도곡동,141.648,366000
강남구,대치동,127.78,395000
강남구,일원동,134.71,208000
강남구,일원동,99.79,240000
강남구,역삼동,144.011,267000
강남구,개포동,108.201,240000
강남구,대치동,127.78,415000
강남구,압구정동,175.92,581000
강남구,대치동,128.01,364000
강남구,도곡동,176.992,372500
강남구,도곡동,114.96,229000
강남구,삼성동,121.931,299000
강남구,대치동,121.089,283000
강남구,개포동,132.991,515000
강남구,일원동,101.97,298000
강남구,도곡동,114.96,229000
강남구,자곡동,101.51,165000
강남구,대치동,120.76,298000
강남구,일원동,101.97,219000
강남구,역삼동,92.623,269000
강남구,신사동,127.33,585000
강남구,역삼동,102.94,87000
강남구,대치동,190.47,515000
강남구,도곡동,120.78,340000
강남구,압구정동,180.53,500000
강남구,압구정동,175.92,545000
강남구,압구정동,183.41,680000
강남구,자곡동,91.96,172000
강남구,일원동,99.79,230000
강남구,대치동,128.01,350000
강남구,압구정동,140.9,457000
강남구,대치동,126.33,355000
강남구,논현동,239.21,259000
강남구,도곡동,115.63,323000
강남구,도곡동,130.545,259000
강남구,수서동,146.713,329000
강남구,압구정동,140.9,434500
강남구,도곡동,167.74,215000
강남구,도곡동,164.95,480000
강남구,도곡동,111.39,270000
강남구,압구정동,183.41,720000
강남구,수서동,124.58,290000
강남구,개포동,105.806,239000
강남구,일원동,107.6,198000
강남구,압구정동,157.36,560000
강남구,역삼동,414.38,480000
강남구,도곡동,164.99,455000
강남구,개포동,113.808,369000
강남구,도곡동,130.545,255000
강남구,논현동,242.45,252000
강남구,자곡동,101.94,190000
강남구,수서동,97.63,162000
강남구,논현동,112.204,164000
강남구,개포동,104.43,235000
강남구,수서동,129.45,208000
강남구,압구정동,154.12,530000
강남구,대치동,126.33,360000
강남구,압구정동,102.35,333000
강남구,신사동,500.81,700000
강남구,개포동,99.919,350000
강남구,신사동,120.35,200000
강남구,압구정동,170.38,630000
강남구,개포동,165.08,365000
강남구,압구정동,245.2,1150000
강남구,신사동,120.35,200000
강남구,압구정동,196.21,740000
강남구,논현동,85.12,133000
강남구,대치동,149.78,423000
강남구,역삼동,136.28,340000
강남구,압구정동,170.38,650000
강남구,일원동,107.6,203000
강남구,논현동,97.943,120000
강남구,개포동,133.46,295000
강남구,삼성동,208.68,378000
강남구,개포동,132.817,450000
강남구,개포동,106.987,445000
강남구,개포동,132.817,450000
강남구,일원동,101.97,227000
강남구,대치동,128.03,315000
강남구,일원동,326.52,400000
강남구,일원동,326.52,400000
강남구,도곡동,134.902,410000
강남구,도곡동,164.97,437000
강남구,도곡동,164.97,437000
강남구,대치동,151.31,489000
강남구,일원동,101.97,223000
강남구,일원동,134.438,248000
강남구,개포동,132.991,480000
강남구,대치동,151.31,489000
강남구,개포동,102.32,317500
강남구,일원동,107.6,195000
강남구,일원동,107.6,199000
강남구,압구정동,157.36,600000
강남구,도곡동,120.823,339000
강남구,역삼동,92.623,270000
강남구,삼성동,93.65,146000
강남구,대치동,161.36,413000
강남구,역삼동,176.03,219000
강남구,논현동,141.05,189000
강남구,신사동,90.94,162500
강남구,대치동,127.78,413000
강남구,역삼동,171.944,335000
강남구,압구정동,115.23,420000
강남구,역삼동,111.86,167500
강남구,도곡동,174.67,555000
강남구,자곡동,101.18,173000
강남구,개포동,161.0,337000
강남구,일원동,101.97,285000
강남구,논현동,114.34,206000
강남구,도곡동,198.13,320000
강남구,압구정동,210.1,835000
강남구,청담동,138.56,410000
강남구,도곡동,134.902,400000
강남구,논현동,244.66,560000
강남구,대치동,120.76,295000
강남구,삼성동,215.45,263000
강남구,삼성동,215.45,263000
강남구,도곡동,120.823,339000
강남구,도곡동,164.99,440000
강남구,대치동,126.33,356500
강남구,일원동,134.438,250000
강남구,세곡동,95.896,247000
강남구,도곡동,163.702,480000
강남구,개포동,105.806,231000
강남구,삼성동,89.03,135000
강남구,도곡동,128.74,235000
강남구,역삼동,133.168,320000
강남구,대치동,110.39,290000
강남구,수서동,97.63,170000
강남구,일원동,107.6,195000
강남구,삼성동,101.81,288000
강남구,논현동,209.54,210000
강남구,도곡동,152.74,363000
강남구,역삼동,92.623,252000
강남구,압구정동,116.94,415000
강남구,개포동,112.991,408000
강남구,개포동,123.28,310000
강남구,청담동,162.11,190000
강남구,대치동,126.33,362000
강남구,대치동,594.93,960000
강남구,대치동,91.89,330000
강남구,일원동,134.438,252500
강남구,대치동,136.68,418000
강남구,대치동,117.7,365000
강남구,대치동,127.78,400000
강남구,도곡동,164.99,415000
강남구,대치동,127.78,408000
강남구,도곡동,206.1,200000
강남구,대치동,121.74,430000
강남구,자곡동,101.18,182000
강남구,대치동,121.089,290000
강남구,압구정동,144.7,530000
강남구,대치동,115.05,328000
강남구,도곡동,122.81,271000
강남구,개포동,96.913,369500
강남구,도곡동,152.74,369000
강남구,대치동,128.01,340000
강남구,압구정동,105.45,445000
강남구,압구정동,144.2,539000
강남구,압구정동,157.36,588500
강남구,논현동,281.57,450000
강남구,도곡동,119.89,320000
강남구,개포동,96.913,369500
강남구,도곡동,164.97,400000
강남구,개포동,112.854,400000
강남구,도곡동,134.902,389000
강남구,도곡동,122.81,270000
강남구,도곡동,124.66,220000
강남구,도곡동,120.823,325000
강남구,도곡동,130.259,262000
강남구,도곡동,164.99,443000
강남구,자곡동,101.51,174000
강남구,삼성동,123.97,248000
강남구,역삼동,114.019,305000
강남구,대치동,114.14,487000
강남구,개포동,108.092,235000
강남구,삼성동,134.81,329000
강남구,자곡동,114.32,151000
강남구,대치동,94.49,367000
강남구,청담동,138.56,395000
강남구,압구정동,140.9,455000
강남구,도곡동,172.467,285000
강남구,청담동,325.5,1150000
강남구,압구정동,183.41,690000
강남구,논현동,97.18,152500
강남구,도곡동,120.823,344000
강남구,청담동,113.21,229000
강남구,수서동,97.63,166500
강남구,개포동,105.806,229000
강남구,도곡동,134.902,405000
강남구,대치동,110.39,290000
강남구,도곡동,93.07,300000
강남구,도곡동,122.81,290000
강남구,청담동,114.83,225000
강남구,대치동,117.7,359500
강남구,청담동,180.67,360000
강남구,압구정동,131.49,503000
강남구,압구정동,196.7,710000
강남구,대치동,85.0,236000
강남구,논현동,200.46,820000
강남구,압구정동,175.92,590000
강남구,청담동,109.31,200000
강남구,대치동,128.01,360000
강남구,삼성동,134.81,320000
강남구,청담동,109.31,200000
강남구,개포동,131.83,305000
강남구,개포동,131.83,305000
강남구,압구정동,175.92,595000
강남구,논현동,1324.03,1500000
강남구,도곡동,137.24,355000
강남구,도곡동,122.81,287000
강남구,압구정동,107.16,410000
강남구,대치동,127.75,400000
강남구,압구정동,182.95,750000
강남구,삼성동,111.42,125000
강남구,청담동,134.24,255000
강남구,압구정동,196.7,630000
강남구,대치동,117.7,351000
강남구,개포동,99.967,321000
강남구,일원동,107.6,189300
강남구,도곡동,119.89,334000
강남구,청담동,241.0,890000
강남구,개포동,112.854,400000
강남구,세곡동,114.69,159000
강남구,압구정동,117.91,570000
강남구,세곡동,114.69,159000
강남구,대치동,105.18,200000
강남구,도곡동,174.67,560000
강남구,도곡동,164.99,410000
강남구,논현동,220.85,220000
강남구,청담동,194.13,522000
강남구,논현동,220.85,220000
강남구,대치동,94.49,377000
강남구,압구정동,121.18,480000
강남구,대치동,128.03,308000
강남구,청담동,194.13,522000
강남구,청담동,218.94,569000
강남구,도곡동,141.706,402000
강남구,개포동,182.2,275000
강남구,도곡동,152.74,368000
강남구,도곡동,117.57,226000
강남구,압구정동,111.5,380000
강남구,도곡동,122.81,284000
강남구,도곡동,134.902,388500
강남구,일원동,103.86,377000
강남구,도곡동,130.545,228500
강남구,도곡동,114.993,347000
강남구,역삼동,92.623,265000
강남구,대치동,97.35,277500
강남구,압구정동,152.39,580000
강남구,압구정동,107.16,408000
강남구,대치동,489.4,390000
강남구,논현동,114.498,205000
강남구,대치동,145.83,464000
강남구,압구정동,106.22,351000
강남구,일원동,99.79,195000
강남구,대치동,489.4,390000
강남구,대치동,127.78,400000
강남구,도곡동,119.89,330000
강남구,개포동,171.997,560000
강남구,압구정동,101.09,359000
강남구,논현동,242.16,500000
강남구,도곡동,176.72,467000
강남구,대치동,121.74,429000
강남구,청담동,188.51,514000
강남구,청담동,188.51,514000
강남구,압구정동,107.64,360000
강남구,청담동,248.25,480000
강남구,일원동,99.79,224000
강남구,신사동,127.33,585000
강남구,대치동,145.83,465000
강남구,논현동,105.4,115000
강남구,도곡동,112.92,225000
강남구,도곡동,112.92,225000
강남구,신사동,127.33,585000
강남구,수서동,129.45,213500
강남구,역삼동,285.0,50000
강남구,역삼동,285.0,50000
강남구,일원동,118.68,415000
강남구,청담동,117.19,208000
강남구,자곡동,101.94,186000
강남구,신사동,868.77,1070000
강남구,도곡동,223.59,730000
강남구,대치동,126.33,342000
강남구,압구정동,121.18,476500
강남구,개포동,114.08,232000
강남구,도곡동,174.67,540000
강남구,압구정동,105.31,434000
강남구,개포동,96.955,350000
강남구,대치동,127.78,400000
강남구,개포동,136.06,380000
강남구,삼성동,144.113,405000
강남구,도곡동,152.74,363500
강남구,삼성동,145.046,523000
강남구,압구정동,196.21,890000
강남구,도곡동,119.89,276000
강남구,청담동,227.59,220000
강남구,압구정동,144.2,495000
강남구,도곡동,124.66,225000
강남구,청담동,113.21,240000
강남구,압구정동,107.64,360000
강남구,개포동,96.91,296500
강남구,도곡동,134.902,340000
강남구,대치동,400.44,178800
강남구,삼성동,103.32,349000
강남구,청담동,107.22,190000
강남구,대치동,127.75,401000
강남구,압구정동,182.95,710000
강남구,도곡동,126.46,323000
강남구,대치동,128.01,365000
강남구,수서동,101.88,190900
강남구,청담동,259.37,385000
강남구,개포동,96.91,310000
강남구,도곡동,124.66,229000
강남구,삼성동,104.31,230000
강남구,대치동,97.35,275000
강남구,도곡동,130.259,268000
강남구,도곡동,148.73,248000
강남구,압구정동,161.9,500000
강남구,일원동,101.97,223500
강남구,압구정동,105.45,425000
강남구,논현동,132.59,124250
강남구,논현동,160.33,350000
강남구,대치동,145.83,460000
강남구,신사동,599.65,1800000
강남구,신사동,599.65,1800000
강남구,도곡동,159.44,480000
강남구,대치동,160.76,450000
강남구,수서동,97.63,170250
강남구,역삼동,127.27,358000
강남구,일원동,107.6,195500
강남구,압구정동,108.47,415000
강남구,일원동,134.438,250000
강남구,역삼동,550.27,501000
강남구,대치동,196.82,550000
강남구,압구정동,105.45,430000
강남구,도곡동,114.993,343000
강남구,대치동,151.27,479000
강남구,자곡동,91.95,171500
강남구,압구정동,182.95,744000
강남구,도곡동,116.24,210000
강남구,도곡동,119.89,325000
강남구,도곡동,104.01,181000
강남구,도곡동,122.81,318000
강남구,압구정동,108.31,425000
강남구,도곡동,115.63,300000
강남구,역삼동,132.88,185000
강남구,도곡동,172.467,284000
강남구,역삼동,144.641,320000
강남구,대치동,121.089,285000
강남구,도곡동,119.17,120000
강남구,개포동,182.2,370000
강남구,청담동,112.5,215000
강남구,대치동,139.54,280000
강남구,도곡동,107.53,208000
강남구,대치동,145.83,464000
강남구,신사동,305.62,2850000
강남구,삼성동,207.82,420000
강남구,자곡동,101.94,187000
강남구,개포동,165.08,367000
강남구,압구정동,245.2,1150000
강남구,압구정동,144.2,510000
강남구,압구정동,144.2,497000
강남구,대치동,97.35,265000
강남구,개포동,165.08,367000
강남구,개포동,107.132,243000
강남구,대치동,97.35,269000
강남구,삼성동,131.65,250000
강남구,압구정동,183.41,670000
강남구,논현동,150.04,270000
강남구,도곡동,184.31,242000
강남구,논현동,582.0,850000
강남구,개포동,96.913,350000
강남구,대치동,145.83,445000
강남구,개포동,96.913,350000
강남구,삼성동,144.43,209000
강남구,수서동,110.69,120000
강남구,압구정동,182.95,690000
강남구,청담동,90.48,72000
강남구,역삼동,535.92,720000
강남구,역삼동,144.431,320000
강남구,역삼동,875.82,860000
강남구,일원동,121.71,300000
강남구,대치동,94.49,365000
강남구,도곡동,179.39,252500
강남구,청담동,107.18,225000
강남구,도곡동,130.259,263000
강남구,논현동,526.84,560000
강남구,도곡동,124.1,230000
강남구,삼성동,93.48,126000
강남구,도곡동,114.993,340000
강남구,일원동,101.97,215000
강남구,수서동,114.45,190500
강남구,대치동,145.83,458000
강남구,논현동,129.874,180000
강남구,일원동,121.71,308000
강남구,청담동,133.97,260000
강남구,도곡동,106.39,290000
강남구,대치동,117.7,340000
강남구,대치동,94.5,368000
강남구,도곡동,137.24,373500
강남구,대치동,128.01,360000
강남구,개포동,132.817,470000
강남구,도곡동,244.66,550000
강남구,개포동,99.991,320000
강남구,대치동,127.78,396000
강남구,도곡동,137.24,362000
강남구,압구정동,181.81,660000
강남구,역삼동,627.91,626000
강남구,일원동,121.71,309500
강남구,일원동,121.71,309500
강남구,도곡동,152.74,368500
강남구,압구정동,152.28,580000
강남구,개포동,96.955,380000
강남구,청담동,118.53,210000
강남구,역삼동,144.431,280000
강남구,대치동,94.49,379000
강남구,논현동,230.11,310000
강남구,논현동,281.57,450000
강남구,논현동,281.57,450000
강남구,수서동,97.63,160000
강남구,수서동,163.68,230000
강남구,율현동,196.56,357000
강남구,수서동,129.45,200000
강남구,도곡동,122.81,277000
강남구,대치동,94.49,361500
강남구,일원동,134.71,242500
강남구,개포동,131.83,248000
강남구,개포동,99.967,320000
강남구,도곡동,119.89,305000
강남구,도곡동,134.902,370000
강남구,논현동,114.498,210000
강남구,대치동,145.83,435000
강남구,압구정동,116.94,400000
강남구,대치동,93.4,328000
강남구,수서동,97.63,179000
강남구,삼성동,237.74,600000
강남구,청담동,93.31,300000
강남구,압구정동,196.7,679000
강남구,대치동,161.46,520000
강남구,신사동,506.77,750000
강남구,일원동,99.79,207000
강남구,삼성동,148.5,212000
강남구,대치동,85.0,230000
강남구,대치동,128.03,300000
강남구,압구정동,106.48,310000
강남구,도곡동,141.381,377000
강남구,논현동,114.34,202000
강남구,압구정동,152.28,570000
강남구,압구정동,117.9,520000
강남구,압구정동,157.36,523000
강남구,압구정동,160.29,610000
강남구,삼성동,322.48,500000
강남구,신사동,500.81,700000
강남구,삼성동,175.05,635000
강남구,신사동,727.16,1000000
강남구,수서동,129.05,147000
강남구,신사동,727.16,1000000
강남구,역삼동,114.6,290000
강남구,도곡동,153.71,227000
강남구,일원동,134.438,234000
강남구,청담동,114.83,215000
강남구,대치동,115.05,330000
강남구,개포동,156.96,795000
강남구,대치동,99.26,100000
강남구,대치동,114.15,445000
강남구,개포동,156.96,795000
강남구,자곡동,91.96,168500
강남구,도곡동,134.789,280000
강남구,개포동,132.99,262500
강남구,삼성동,85.0,163000
강남구,신사동,263.3,547500
강남구,도곡동,134.9,380000
강남구,논현동,157.41,350000
강남구,대치동,110.39,280000
강남구,역삼동,114.02,269000
강남구,논현동,134.83,125000
강남구,대치동,117.7,323400
강남구,대치동,127.78,405000
강남구,도곡동,130.55,257000
강남구,도곡동,130.26,270000
강남구,대치동,91.93,310000
강남구,대치동,128.01,340000
강남구,수서동,97.63,166000
강남구,압구정동,196.84,800000
강남구,개포동,123.28,305000
강남구,대치동,126.33,358000
강남구,역삼동,116.29,298000
강남구,논현동,240.03,468000
강남구,대치동,126.33,329000
강남구,도곡동,244.77,615000
강남구,도곡동,164.2,285000
강남구,압구정동,160.28,620000
강남구,압구정동,170.81,590000
강남구,압구정동,110.82,410000
강남구,도곡동,222.48,710000
강남구,도곡동,214.97,580000
강남구,압구정동,110.82,410000
강남구,수서동,146.69,317000
강남구,청담동,89.36,380000
강남구,청담동,125.75,315000
강남구,대치동,95.13,50000
강남구,압구정동,196.7,660000
강남구,일원동,107.6,189000
강남구,도곡동,163.05,238000
강남구,논현동,111.08,133500
강남구,청담동,244.49,460000
강남구,신사동,138.42,163000
강남구,대치동,117.7,340000
강남구,대치동,136.68,390000
강남구,청담동,164.54,550000
강남구,청담동,188.51,480000
강남구,도곡동,164.97,481000
강남구,대치동,126.33,325000
강남구,삼성동,159.69,258000
강남구,삼성동,611.08,550000
강남구,개포동,1441.64,1190000
강남구,청담동,107.22,210000
강남구,대치동,224.65,475000
강남구,압구정동,196.7,650000
강남구,개포동,182.2,340000
강남구,논현동,108.35,50500
강남구,논현동,476.11,615000
강남구,압구정동,183.41,675000
강남구,압구정동,117.26,400000
강남구,논현동,90.94,148500
강남구,대치동,128.03,308000
강남구,삼성동,121.93,300000
강남구,대치동,128.03,308000
강남구,개포동,85.0,301198
강남구,압구정동,108.15,415000
강남구,압구정동,108.15,415000
강남구,신사동,184.63,270000
강남구,개포동,131.83,260000
강남구,압구정동,91.21,375000
강남구,개포동,131.83,282000
강남구,역삼동,449.82,630000
강남구,도곡동,85.0,282000
강남구,압구정동,115.23,418000
강남구,일원동,107.6,193500
강남구,도곡동,163.57,400000
강남구,청담동,138.56,390000
강남구,청담동,138.56,390000
강남구,대치동,161.36,400000
강남구,대치동,136.68,397000
강남구,대치동,101.78,94899
강남구,도곡동,115.15,225000
강남구,도곡동,222.48,497000
강남구,역삼동,92.62,243000
강남구,도곡동,119.33,100000
강남구,압구정동,160.52,600000
강남구,압구정동,144.7,495000
강남구,대치동,128.01,350000
강남구,역삼동,149.7,322000
강남구,개포동,96.96,315000
강남구,대치동,127.78,395000
강남구,도곡동,240.55,570000
강남구,역삼동,118.03,320000
강남구,대치동,191.07,482000
강남구,압구정동,160.28,520000
강남구,대치동,621.44,700000
강남구,일원동,101.97,171000
강남구,개포동,132.99,490000
강남구,청담동,109.53,350000
강남구,삼성동,175.05,900000
강남구,도곡동,152.74,367500
강남구,도곡동,244.66,733000
강남구,청담동,109.31,217000
강남구,역삼동,89.83,69000
강남구,역삼동,116.29,295000
강남구,개포동,85.0,299000
강남구,역삼동,116.29,289000
강남구,도곡동,209.03,375000
강남구,개포동,108.09,223000
강남구,도곡동,130.26,264000
강남구,압구정동,157.36,540000
강남구,삼성동,213.44,425000
강남구,청담동,107.22,210000
강남구,청담동,107.22,210000
강남구,청담동,171.1,545000
강남구,도곡동,146.75,239000
강남구,도곡동,146.75,239000
강남구,도곡동,124.1,238000
강남구,청담동,200.88,440000
강남구,압구정동,108.36,390000
강남구,도곡동,185.622,550000
강남구,도곡동,185.62,550000
강남구,청담동,114.83,222000
강남구,대치동,239.83,493500
강남구,삼성동,114.46,380000
강남구,대치동,97.35,260000
강남구,대치동,127.61,345000
강남구,논현동,106.46,60000
강남구,수서동,129.45,200000
강남구,자곡동,91.96,182000
강남구,압구정동,117.91,535000
강남구,청담동,145.69,333500
강남구,압구정동,183.41,627000
강남구,삼성동,366.6,420000
강남구,대치동,114.14,478500
강남구,삼성동,195.39,720000
강남구,삼성동,360.16,688000
강남구,세곡동,165.54,520000
강남구,삼성동,114.46,322000
강남구,압구정동,111.38,390000
강남구,도곡동,115.63,315000
